product_id,product_name,category,price_usd,rating,description
1,Wireless bluetooth headphones,Audio,79.99,4.5,High-quality wireless headphones with noise cancellation. Great for music and calls.
2,USB-C charging cable,Accessories,12.99,4.8,"Durable USB-C cable for fast charging. 6ft length, supports 100W power."
3,27-inch 4K monitor,Monitors,349.99,4.7,Beautiful 4K display with HDR support. Perfect for creative professionals.
4,Mechanical gaming keyboard,Peripherals,149.99,4.6,Mechanical switches with RGB lighting. Great for gaming and typing.
5,Laptop stand (Aluminum),Accessories,39.99,4.9,Premium aluminum stand to elevate your laptop. Adjustable and portable.
6,Portable hard drive 1TB,Storage,59.99,4.4,Fast external hard drive for backups. USB 3.1 connection.
7,Monitor light bar,Lighting,89.99,4.3,Desk lamp that attaches to your monitor. Reduces eye strain.
8,Wireless mouse,Peripherals,29.99,4.7,Wireless mouse with silent clicks. Long battery life.
9,Smartphone screen protector,Protection,9.99,4.6,Tempered glass protector for smartphone. Anti-fingerprint coating.
10,HDMI 2.1 cable (8K),Cables,24.99,4.8,Premium HDMI cable supporting 8K resolution. Future-proof your setup.
